mean_fit_time,std_fit_time,mean_score_time,std_score_time,param_n_estimators,param_min_samples_split,param_min_samples_leaf,param_max_features,param_max_depth,params,split0_test_score,split1_test_score,split2_test_score,split3_test_score,split4_test_score,mean_test_score,std_test_score,rank_test_score
2.341570329666138,1.1808227616234905,0.05717124938964844,0.006970103751250194,100,5,2,log2,20,"{'n_estimators': 100, 'min_samples_split': 5, 'min_samples_leaf': 2, 'max_features': 'log2', 'max_depth': 20}",-6.658804806785729,-4.723722671830751,-4.542942431531918,-6.465204295874596,-6.562503612956131,-5.790635563795825,0.9486392744796472,19
8.446092224121093,4.058878905241062,0.19520215988159179,0.03141949231113389,300,2,1,sqrt,20,"{'n_estimators': 300, 'min_samples_split': 2, 'min_samples_leaf': 1, 'max_features': 'sqrt', 'max_depth': 20}",-6.567788105977324,-4.6568721021830575,-4.5967754608448175,-6.425618575185431,-6.665213594480279,-5.782453567734182,0.9468308230446523,16
4.033997631072998,1.8731476471779078,0.09399762153625488,0.0067831060617075285,300,5,2,log2,10,"{'n_estimators': 300, 'min_samples_split': 5, 'min_samples_leaf': 2, 'max_features': 'log2', 'max_depth': 10}",-6.5608509413520055,-4.648357251380459,-4.391247877461384,-6.65480827697365,-6.3173218305275345,-5.714517235539008,0.9850421584668151,1
6.018813943862915,2.878350806793136,0.1477367877960205,0.010204116158683567,300,5,2,log2,15,"{'n_estimators': 300, 'min_samples_split': 5, 'min_samples_leaf': 2, 'max_features': 'log2', 'max_depth': 15}",-6.586504234578593,-4.668008299571768,-4.566939405412676,-6.451314249942262,-6.52514102715192,-5.759581443331443,0.9340561025541722,11
4.511135768890381,2.2981642174627783,0.11033964157104492,0.013977686639678332,200,10,2,sqrt,30,"{'n_estimators': 200, 'min_samples_split': 10, 'min_samples_leaf': 2, 'max_features': 'sqrt', 'max_depth': 30}",-6.5889370888881365,-4.607892913646652,-4.608033300031115,-6.436618468947998,-6.618784483331391,-5.7720532509690585,0.9524821941259398,15
2.8611454010009765,1.3618905119893923,0.06362700462341309,0.004560794645802791,200,5,5,log2,10,"{'n_estimators': 200, 'min_samples_split': 5, 'min_samples_leaf': 5, 'max_features': 'log2', 'max_depth': 10}",-6.551752083614948,-4.715308020687623,-4.382861571960947,-6.632419824720124,-6.34747638249101,-5.72596357669493,0.9711040524601372,6
6.855389785766602,3.416498807956325,0.15583548545837403,0.00527643080986014,500,2,5,log2,10,"{'n_estimators': 500, 'min_samples_split': 2, 'min_samples_leaf': 5, 'max_features': 'log2', 'max_depth': 10}",-6.566616174908857,-4.679165063201384,-4.4127145302014155,-6.589810030768209,-6.329121408027613,-5.715485441421496,0.9629733211227746,3
4.087950801849365,2.027713410157163,0.09986338615417481,0.012310390076805539,200,2,1,sqrt,15,"{'n_estimators': 200, 'min_samples_split': 2, 'min_samples_leaf': 1, 'max_features': 'sqrt', 'max_depth': 15}",-6.575503946397024,-4.6487325406228175,-4.57917547986778,-6.390754235193544,-6.550966373330643,-5.749026515082361,0.9292131318813203,10
2.3890332221984862,1.1552726816293823,0.05964164733886719,0.0059835138183696405,100,5,1,sqrt,20,"{'n_estimators': 100, 'min_samples_split': 5, 'min_samples_leaf': 1, 'max_features': 'sqrt', 'max_depth': 20}",-6.742826414277218,-4.577587984426247,-4.579558029573417,-6.532171885188423,-6.679291037049842,-5.822287070103029,1.0177854603288763,32
12.64917869567871,7.493353892015852,0.17675585746765138,0.015841329351328377,300,5,5,0.5,20,"{'n_estimators': 300, 'min_samples_split': 5, 'min_samples_leaf': 5, 'max_features': 0.5, 'max_depth': 20}",-6.774258046108693,-4.811518051161576,-4.951683122050241,-6.074755892116135,-6.469787564435728,-5.816400535174475,0.7960751375286877,29
21.754135417938233,12.76741419341954,0.19258418083190917,0.014346293390410767,300,10,2,0.8,,"{'n_estimators': 300, 'min_samples_split': 10, 'min_samples_leaf': 2, 'max_features': 0.8, 'max_depth': None}",-7.345897932698395,-5.118193452977972,-5.158908001373793,-6.113952233469844,-6.462313135629703,-6.039852951229941,0.8384792233616294,43
2.5264854431152344,1.3052465661374069,0.06030049324035645,0.006971873886366518,100,5,2,sqrt,30,"{'n_estimators': 100, 'min_samples_split': 5, 'min_samples_leaf': 2, 'max_features': 'sqrt', 'max_depth': 30}",-6.5894231893897794,-4.676428892383119,-4.575784578432045,-6.442116230949345,-6.684149646807948,-5.793580507592448,0.9568837136045238,23
7.020060014724732,3.4490747196565565,0.16260914802551268,0.009219886020293272,500,2,1,log2,10,"{'n_estimators': 500, 'min_samples_split': 2, 'min_samples_leaf': 1, 'max_features': 'log2', 'max_depth': 10}",-6.550337872418256,-4.654786704560891,-4.451194518766765,-6.6113074344329545,-6.340709405718912,-5.7216671871795555,0.9605938692098493,5
5.306671476364135,2.6290504188830246,0.07075605392456055,0.009054697708795127,200,5,5,0.5,10,"{'n_estimators': 200, 'min_samples_split': 5, 'min_samples_leaf': 5, 'max_features': 0.5, 'max_depth': 10}",-6.659170559544382,-4.753269006161642,-5.057176859580139,-6.21881111347103,-6.3143847433115905,-5.800562456413756,0.7517444875654701,26
20.75781378746033,12.012964904770136,0.1920393466949463,0.023695363402191746,300,10,5,0.8,20,"{'n_estimators': 300, 'min_samples_split': 10, 'min_samples_leaf': 5, 'max_features': 0.8, 'max_depth': 20}",-7.244407205583997,-5.094852344959621,-5.191877440681576,-6.16595492692332,-6.4887267063235,-6.037163724894404,0.8099867604618773,42
2.421786069869995,1.1719211449572748,0.06117849349975586,0.009401469941977155,100,5,1,log2,20,"{'n_estimators': 100, 'min_samples_split': 5, 'min_samples_leaf': 1, 'max_features': 'log2', 'max_depth': 20}",-6.742826414277218,-4.577587984426247,-4.579558029573417,-6.532171885188423,-6.679291037049842,-5.822287070103029,1.0177854603288763,32
8.966793775558472,5.523570282330528,0.10474667549133301,0.008187171825425948,300,2,2,0.5,10,"{'n_estimators': 300, 'min_samples_split': 2, 'min_samples_leaf': 2, 'max_features': 0.5, 'max_depth': 10}",-6.659008079878731,-4.7764761435004255,-5.0073660227223,-6.179041034815583,-6.29689691146166,-5.783757638475739,0.7487354891028678,18
15.694106483459473,8.625517952084632,0.2982633590698242,0.048598909002479096,500,2,2,log2,,"{'n_estimators': 500, 'min_samples_split': 2, 'min_samples_leaf': 2, 'max_features': 'log2', 'max_depth': None}",-6.6724771181345846,-4.663955800669192,-4.616624307851945,-6.495843655652436,-6.636136878087147,-5.817007552079061,0.962711562321649,30
34.6096266746521,18.50711721856626,0.3025354862213135,0.010674229994313562,500,5,1,0.8,15,"{'n_estimators': 500, 'min_samples_split': 5, 'min_samples_leaf': 1, 'max_features': 0.8, 'max_depth': 15}",-7.3913689412662364,-5.029648027298566,-5.171791100701798,-6.141328926165357,-6.475579882439177,-6.041943375574228,0.8718686046305077,44
3.5669477462768553,1.8064783958041197,0.09166269302368164,0.01261184215399172,200,10,5,log2,15,"{'n_estimators': 200, 'min_samples_split': 10, 'min_samples_leaf': 5, 'max_features': 'log2', 'max_depth': 15}",-6.517463801785317,-4.668858935769951,-4.481421206243473,-6.469618221768299,-6.439576368961146,-5.715387706905637,0.9332239541876728,2
9.007024669647217,5.542573512829055,0.8848412990570068,1.4138665469094618,300,2,2,sqrt,30,"{'n_estimators': 300, 'min_samples_split': 2, 'min_samples_leaf': 2, 'max_features': 'sqrt', 'max_depth': 30}",-6.666455814106203,-4.649868960483418,-4.625691580028488,-6.467896830873587,-6.6201067310889234,-5.806003983316124,0.9561410292487156,28
26.23093910217285,12.823570280667651,0.32738242149353025,0.01994208997325298,500,5,1,0.5,20,"{'n_estimators': 500, 'min_samples_split': 5, 'min_samples_leaf': 1, 'max_features': 0.5, 'max_depth': 20}",-6.8019312968141366,-4.798870075107238,-4.963975720671231,-6.117014910490241,-6.531295695909301,-5.84261753979843,0.8162444021878353,35
4.076649570465088,2.8380014690129802,0.061918783187866214,0.004744753409149509,200,10,5,sqrt,10,"{'n_estimators': 200, 'min_samples_split': 10, 'min_samples_leaf': 5, 'max_features': 'sqrt', 'max_depth': 10}",-6.551752083614948,-4.715308020687623,-4.382861571960947,-6.632419824720124,-6.34747638249101,-5.72596357669493,0.9711040524601372,6
27.04869294166565,13.12840285444025,0.22828664779663085,0.02073085480269415,300,2,1,0.8,,"{'n_estimators': 300, 'min_samples_split': 2, 'min_samples_leaf': 1, 'max_features': 0.8, 'max_depth': None}",-7.413993706590046,-5.051991153316714,-5.23985793171092,-6.112588005374469,-6.481686295543956,-6.060023418507221,0.8605345585241103,50
7.954166555404663,2.0600515485501947,0.16687188148498536,0.028514084574376652,300,10,1,log2,30,"{'n_estimators': 300, 'min_samples_split': 10, 'min_samples_leaf': 1, 'max_features': 'log2', 'max_depth': 30}",-6.604386018257968,-4.621075705310765,-4.693113003463923,-6.418475103926705,-6.621838428507782,-5.791777651893429,0.9294826522087906,20
9.9491858959198,5.183419651732001,0.24169812202453614,0.03654608078174413,500,10,5,sqrt,20,"{'n_estimators': 500, 'min_samples_split': 10, 'min_samples_leaf': 5, 'max_features': 'sqrt', 'max_depth': 20}",-6.571840468446407,-4.661009606249472,-4.564521515719468,-6.394003987161294,-6.537216273690669,-5.745718370253462,0.9274739894170446,9
17.994880437850952,9.846654115696218,0.17573447227478028,0.00983733982564265,300,2,1,0.8,15,"{'n_estimators': 300, 'min_samples_split': 2, 'min_samples_leaf': 1, 'max_features': 0.8, 'max_depth': 15}",-7.393780043131135,-5.021302428510292,-5.227957457845189,-6.138984185099028,-6.484591018473738,-6.053323026611876,0.8644593414412438,49
5.077058362960815,2.5580208928771797,0.12301344871520996,0.009879095929492583,300,5,5,log2,15,"{'n_estimators': 300, 'min_samples_split': 5, 'min_samples_leaf': 5, 'max_features': 'log2', 'max_depth': 15}",-6.524447516004976,-4.678818300937844,-4.522958727127921,-6.463620387802218,-6.4680071876515,-5.731570423904893,0.9247615482722532,8
4.25092887878418,2.2171276959214583,0.03873410224914551,0.0028093627192272604,100,2,2,0.8,10,"{'n_estimators': 100, 'min_samples_split': 2, 'min_samples_leaf': 2, 'max_features': 0.8, 'max_depth': 10}",-7.2043119128012245,-5.108798805893079,-5.292190684925865,-6.287093863293503,-6.321174738213496,-6.042714001025433,0.7644677164651958,46
8.474233293533326,4.325284593796394,0.07406406402587891,0.008111152029940538,200,2,5,0.8,10,"{'n_estimators': 200, 'min_samples_split': 2, 'min_samples_leaf': 5, 'max_features': 0.8, 'max_depth': 10}",-7.16501911862729,-5.0222161574999085,-5.289281371020771,-6.291981541698605,-6.392482633476093,-6.032196164464533,0.7813532661020051,39
13.360027408599853,7.980236438689665,0.12388424873352051,0.00936497243610528,200,10,2,0.8,20,"{'n_estimators': 200, 'min_samples_split': 10, 'min_samples_leaf': 2, 'max_features': 0.8, 'max_depth': 20}",-7.333967754945645,-5.084476276201971,-5.182782219380315,-6.1624891117238585,-6.448437207633036,-6.0424305139769645,0.8371374390229449,45
24.33200373649597,12.745761667851035,0.31240024566650393,0.0474128439312873,500,2,1,0.5,20,"{'n_estimators': 500, 'min_samples_split': 2, 'min_samples_leaf': 1, 'max_features': 0.5, 'max_depth': 20}",-6.7920124420236085,-4.704988028840482,-4.96214025293201,-6.036452625879352,-6.528041369144764,-5.804726943764043,0.8331855996539802,27
2.2738207817077636,1.048271466632021,0.0627436637878418,0.014216698642402442,100,2,2,log2,20,"{'n_estimators': 100, 'min_samples_split': 2, 'min_samples_leaf': 2, 'max_features': 'log2', 'max_depth': 20}",-6.686581528654269,-4.742257802306909,-4.564017505968291,-6.355045265215542,-6.615366501200808,-5.792653720669163,0.9386294293173423,21
22.947987270355224,11.661442864457378,0.2841472625732422,0.03315425518985319,500,2,2,0.5,20,"{'n_estimators': 500, 'min_samples_split': 2, 'min_samples_leaf': 2, 'max_features': 0.5, 'max_depth': 20}",-6.796961100050849,-4.807369121554095,-5.003883134485063,-6.086314771655777,-6.51150323077734,-5.841206271704625,0.7990960857308878,34
31.623380613327026,15.826669561278926,0.2606231212615967,0.037856407515240345,500,5,5,0.8,30,"{'n_estimators': 500, 'min_samples_split': 5, 'min_samples_leaf': 5, 'max_features': 0.8, 'max_depth': 30}",-7.253330000518554,-5.0817973457086865,-5.182098102003624,-6.139517942604576,-6.4416207126908755,-6.019672820705263,0.8118441636308326,38
2.100209283828735,1.1325781613477897,0.05446372032165527,0.008175333073313178,100,2,5,log2,,"{'n_estimators': 100, 'min_samples_split': 2, 'min_samples_leaf': 5, 'max_features': 'log2', 'max_depth': None}",-6.5990195006522985,-4.638107794266523,-4.560040279395187,-6.522589251649205,-6.506565782376715,-5.765264521667985,0.9530229202951025,14
6.8512121677398685,4.299629558973793,0.06543593406677246,0.005585170533865167,100,10,5,0.8,,"{'n_estimators': 100, 'min_samples_split': 10, 'min_samples_leaf': 5, 'max_features': 0.8, 'max_depth': None}",-7.314078360956237,-4.997914130188068,-5.250940768056545,-6.223647211062736,-6.391158615459766,-6.03554781714467,0.8353170252204453,40
15.059496068954468,8.891245518056513,0.12774271965026857,0.016258840758322752,200,5,5,0.8,30,"{'n_estimators': 200, 'min_samples_split': 5, 'min_samples_leaf': 5, 'max_features': 0.8, 'max_depth': 30}",-7.270257316152541,-5.013469472260215,-5.182239523942998,-6.173348112487377,-6.447796380744317,-6.017422161117489,0.834815169462462,37
15.731100797653198,7.6060893302868235,0.28761801719665525,0.02689849236910674,500,5,1,sqrt,,"{'n_estimators': 500, 'min_samples_split': 5, 'min_samples_leaf': 1, 'max_features': 'sqrt', 'max_depth': None}",-6.657051832904304,-4.6710617934504395,-4.6361432948224826,-6.473598978012289,-6.6704914565346645,-5.821669471144835,0.9563205401808735,31
6.282324314117432,3.7075477517532502,0.10224695205688476,0.014054933919488083,200,2,5,log2,30,"{'n_estimators': 200, 'min_samples_split': 2, 'min_samples_leaf': 5, 'max_features': 'log2', 'max_depth': 30}",-6.545741762187979,-4.652068682715215,-4.617023189461473,-6.447244612507747,-6.538993962313136,-5.7602144418371095,0.9198298137057996,12
5.124060249328613,2.352808041580566,0.055625534057617186,0.006186052341124656,100,2,2,sqrt,20,"{'n_estimators': 100, 'min_samples_split': 2, 'min_samples_leaf': 2, 'max_features': 'sqrt', 'max_depth': 20}",-6.686581528654269,-4.742257802306909,-4.564017505968291,-6.355045265215542,-6.615366501200808,-5.792653720669163,0.9386294293173423,21
19.265602159500123,7.349224023104065,0.146859073638916,0.0488540690205274,500,2,5,0.8,10,"{'n_estimators': 500, 'min_samples_split': 2, 'min_samples_leaf': 5, 'max_features': 0.8, 'max_depth': 10}",-7.187898121266107,-5.061522026518027,-5.307471586381003,-6.2971689813662985,-6.392322551476119,-6.049276653401511,0.7747933791558592,48
2.6833003997802733,1.3482361005645147,0.06365303993225098,0.0018708569413269755,200,2,2,log2,10,"{'n_estimators': 200, 'min_samples_split': 2, 'min_samples_leaf': 2, 'max_features': 'log2', 'max_depth': 10}",-6.56129890597859,-4.657173041230506,-4.3899741607474345,-6.633362630024302,-6.339086082667904,-5.716178964129748,0.9822198935747398,4
6.123862552642822,3.3836786072292218,0.062292861938476565,0.004317554228294778,100,5,5,0.8,,"{'n_estimators': 100, 'min_samples_split': 5, 'min_samples_leaf': 5, 'max_features': 0.8, 'max_depth': None}",-7.314078360956237,-4.997914130188068,-5.250940768056545,-6.223647211062736,-6.391158615459766,-6.03554781714467,0.8353170252204453,40
6.2814818859100345,3.405340312430131,0.0588109016418457,0.007213721403726293,100,10,2,0.8,20,"{'n_estimators': 100, 'min_samples_split': 10, 'min_samples_leaf': 2, 'max_features': 0.8, 'max_depth': 20}",-7.3205779864318865,-5.110703766078309,-5.177813313438383,-6.161339223324118,-6.4651936483569985,-6.047125587525939,0.8297103504152722,47
2.64306697845459,1.3423614874420968,0.03526010513305664,0.0016029476069333072,100,2,1,0.5,10,"{'n_estimators': 100, 'min_samples_split': 2, 'min_samples_leaf': 1, 'max_features': 0.5, 'max_depth': 10}",-6.58769913704659,-4.733456153470898,-5.101373547413191,-6.264150705239233,-6.297740357342617,-5.796883980102505,0.7360974690798345,25
6.444700860977173,3.01956439364116,0.14885444641113282,0.014045782011857806,300,5,2,log2,20,"{'n_estimators': 300, 'min_samples_split': 5, 'min_samples_leaf': 2, 'max_features': 'log2', 'max_depth': 20}",-6.575858679597182,-4.709573937140512,-4.632908127676058,-6.408286346255951,-6.585938253882569,-5.782513068910454,0.9098649770022889,17
4.296218633651733,2.0941294683112175,0.0965341567993164,0.009610788830794813,200,10,2,sqrt,,"{'n_estimators': 200, 'min_samples_split': 10, 'min_samples_leaf': 2, 'max_features': 'sqrt', 'max_depth': None}",-6.5738066875054,-4.616594103452511,-4.6251696828247075,-6.396421740608547,-6.6084484320244705,-5.764088129283127,0.9361957089612271,13
19.750912618637084,9.911555875135553,0.2482473373413086,0.017009732196298158,500,2,1,0.5,,"{'n_estimators': 500, 'min_samples_split': 2, 'min_samples_leaf': 1, 'max_features': 0.5, 'max_depth': None}",-6.848109863947071,-4.753906806649368,-4.970080752244222,-6.159006144603767,-6.591007991102259,-5.864422311709338,0.8503457057566886,36
4.681759643554687,2.052761858798174,0.05484457015991211,0.013492623645884244,200,5,1,0.5,10,"{'n_estimators': 200, 'min_samples_split': 5, 'min_samples_leaf': 1, 'max_features': 0.5, 'max_depth': 10}",-6.710710361946108,-4.771369924863317,-4.977258460248852,-6.257943489702505,-6.252566225101035,-5.793969692372363,0.7718449897325874,24
