mean_fit_time,std_fit_time,mean_score_time,std_score_time,param_subsample,param_reg_lambda,param_reg_alpha,param_n_estimators,param_min_child_weight,param_max_depth,param_learning_rate,param_colsample_bytree,params,split0_test_score,split1_test_score,split2_test_score,split3_test_score,split4_test_score,mean_test_score,std_test_score,rank_test_score
1.1835601329803467,0.045462243190312536,0.013672780990600587,0.0011581498447040472,0.6,0.5,0.0,500,7,6,0.2,0.6,"{'subsample': 0.6, 'reg_lambda': 0.5, 'reg_alpha': 0, 'n_estimators': 500, 'min_child_weight': 7, 'max_depth': 6, 'learning_rate': 0.2, 'colsample_bytree': 0.6}",-6.886865970677152,-5.009623177970548,-3.6709085170969606,-5.074106523728212,-4.644408533416517,-5.057182544577878,1.0433051152681225,50
1.2923486232757568,0.022385761652204364,0.014613151550292969,0.0005637063932337265,0.6,1.0,0.0,500,1,6,0.01,0.6,"{'subsample': 0.6, 'reg_lambda': 1.0, 'reg_alpha': 0, 'n_estimators': 500, 'min_child_weight': 1, 'max_depth': 6, 'learning_rate': 0.01, 'colsample_bytree': 0.6}",-4.5994772687334935,-3.1915731229999524,-3.047998659768309,-4.19501437420625,-4.177431430653015,-3.8422989712722044,0.6106386835779011,7
1.5803188800811767,0.8433443393849646,0.013541793823242188,0.0007658696469983058,0.6,1.0,0.0,500,5,6,0.03,1.0,"{'subsample': 0.6, 'reg_lambda': 1.0, 'reg_alpha': 0, 'n_estimators': 500, 'min_child_weight': 5, 'max_depth': 6, 'learning_rate': 0.03, 'colsample_bytree': 1.0}",-5.139276996042872,-3.6341985338114333,-3.2292597560654026,-4.436979971395538,-4.2406777213383,-4.13607859573071,0.6606199588065397,24
1.2501823425292968,0.04336464667821699,0.013776826858520507,0.0008346493299496217,0.7,0.5,0.1,500,1,6,0.01,0.9,"{'subsample': 0.7, 'reg_lambda': 0.5, 'reg_alpha': 0.1, 'n_estimators': 500, 'min_child_weight': 1, 'max_depth': 6, 'learning_rate': 0.01, 'colsample_bytree': 0.9}",-4.491649694749108,-3.25080269833412,-3.0024309108185743,-4.2088413835555,-4.186331709552763,-3.8280112794020136,0.5879785261837638,4
3.0121161460876467,0.30654474208018295,0.015336561203002929,0.0006504516501559585,0.6,2.0,0.0,500,5,10,0.03,0.6,"{'subsample': 0.6, 'reg_lambda': 2.0, 'reg_alpha': 0, 'n_estimators': 500, 'min_child_weight': 5, 'max_depth': 10, 'learning_rate': 0.03, 'colsample_bytree': 0.6}",-5.149171611952579,-3.63002666953918,-3.2647713265022293,-4.546545583721769,-4.318415106863985,-4.181786059715948,0.6682673505615805,30
4.093676233291626,1.1548268514478888,0.015646934509277344,0.003335317181183516,0.7,1.0,0.1,300,3,12,0.05,1.0,"{'subsample': 0.7, 'reg_lambda': 1.0, 'reg_alpha': 0.1, 'n_estimators': 300, 'min_child_weight': 3, 'max_depth': 12, 'learning_rate': 0.05, 'colsample_bytree': 1.0}",-5.133424468915743,-3.8372917115654364,-3.270758696822996,-4.68391046948361,-4.414996087872825,-4.268076286932122,0.6516975828195175,34
0.7508622169494629,0.016156340791448218,0.010185337066650391,0.0003665626409098407,1.0,1.0,0.01,300,5,6,0.01,0.8,"{'subsample': 1.0, 'reg_lambda': 1.0, 'reg_alpha': 0.01, 'n_estimators': 300, 'min_child_weight': 5, 'max_depth': 6, 'learning_rate': 0.01, 'colsample_bytree': 0.8}",-4.2591775247653905,-3.208689530234464,-2.9639802577974663,-4.228886012185513,-4.217323516393389,-3.775611368275244,0.568251560887026,2
0.24534263610839843,0.0075501437441306265,0.006427097320556641,0.00026960254010429763,0.9,0.5,0.01,100,5,6,0.2,1.0,"{'subsample': 0.9, 'reg_lambda': 0.5, 'reg_alpha': 0.01, 'n_estimators': 100, 'min_child_weight': 5, 'max_depth': 6, 'learning_rate': 0.2, 'colsample_bytree': 1.0}",-5.4333800705669,-4.14757208170733,-3.4261053976851645,-4.558471135765736,-4.354875366396185,-4.384080810424264,0.6489910863858478,42
0.2612703800201416,0.006954833503162731,0.00639801025390625,0.0003237552385442951,0.7,0.5,0.1,100,3,6,0.05,0.8,"{'subsample': 0.7, 'reg_lambda': 0.5, 'reg_alpha': 0.1, 'n_estimators': 100, 'min_child_weight': 3, 'max_depth': 6, 'learning_rate': 0.05, 'colsample_bytree': 0.8}",-4.514218821058147,-3.3095750216800326,-3.006852891047286,-4.192108349222155,-4.19899490804691,-3.844349998210906,0.5801411556896179,9
3.6511423587799072,1.225503675137401,0.015546703338623047,0.0006217218681448246,0.9,1.0,0.0,500,5,10,0.03,0.9,"{'subsample': 0.9, 'reg_lambda': 1.0, 'reg_alpha': 0, 'n_estimators': 500, 'min_child_weight': 5, 'max_depth': 10, 'learning_rate': 0.03, 'colsample_bytree': 0.9}",-4.666645554399343,-3.958720183333222,-3.22342460290927,-4.571152531180619,-4.390854577393886,-4.162159489843268,0.5285250570490886,26
0.4371172428131104,0.02539171800736359,0.007164144515991211,0.00036813164597811866,0.9,0.5,0.0,100,3,8,0.2,0.6,"{'subsample': 0.9, 'reg_lambda': 0.5, 'reg_alpha': 0, 'n_estimators': 100, 'min_child_weight': 3, 'max_depth': 8, 'learning_rate': 0.2, 'colsample_bytree': 0.6}",-6.663828195092741,-4.1604873338944195,-3.6746369137454957,-4.794644323242935,-4.675650972201401,-4.793849547635398,1.0163243862569598,49
0.8882350444793701,0.021186293616419695,0.010122108459472656,0.0008819516116334379,0.6,1.0,0.0,200,1,8,0.03,0.8,"{'subsample': 0.6, 'reg_lambda': 1.0, 'reg_alpha': 0, 'n_estimators': 200, 'min_child_weight': 1, 'max_depth': 8, 'learning_rate': 0.03, 'colsample_bytree': 0.8}",-4.667297835383213,-3.3942417878784057,-3.097985085472689,-4.311650438639252,-4.224487844291631,-3.9391325983330376,0.5924283760759421,13
1.347822618484497,0.11644362864959043,0.011177158355712891,0.0014287945107390972,0.7,1.0,0.1,200,3,10,0.1,0.9,"{'subsample': 0.7, 'reg_lambda': 1.0, 'reg_alpha': 0.1, 'n_estimators': 200, 'min_child_weight': 3, 'max_depth': 10, 'learning_rate': 0.1, 'colsample_bytree': 0.9}",-4.961543784807204,-4.160058663572781,-3.3048455299483988,-4.685063980397815,-4.491936841776847,-4.320689760100609,0.571056891296784,36
0.17289047241210936,0.00571261960569222,0.006625699996948242,0.00040502867642394505,0.6,1.0,0.01,100,1,4,0.1,0.9,"{'subsample': 0.6, 'reg_lambda': 1.0, 'reg_alpha': 0.01, 'n_estimators': 100, 'min_child_weight': 1, 'max_depth': 4, 'learning_rate': 0.1, 'colsample_bytree': 0.9}",-4.792707115004445,-3.1444509403889596,-2.9972921955108727,-4.133118078632515,-4.153937961750012,-3.844301258257361,0.6761624853226874,8
0.5114845752716064,0.012170215251386876,0.00842890739440918,0.0005660123471173446,1.0,0.5,0.0,200,1,6,0.01,0.6,"{'subsample': 1.0, 'reg_lambda': 0.5, 'reg_alpha': 0, 'n_estimators': 200, 'min_child_weight': 1, 'max_depth': 6, 'learning_rate': 0.01, 'colsample_bytree': 0.6}",-4.414537903583959,-3.109276487219513,-3.014789427379576,-4.359196117035981,-4.263514774390753,-3.8322629419219565,0.6314512183349412,5
1.7982895851135254,0.08390970436798975,0.014213657379150391,0.0004740028450576289,0.6,1.0,0.01,500,7,8,0.03,0.9,"{'subsample': 0.6, 'reg_lambda': 1.0, 'reg_alpha': 0.01, 'n_estimators': 500, 'min_child_weight': 7, 'max_depth': 8, 'learning_rate': 0.03, 'colsample_bytree': 0.9}",-4.845611326629749,-3.722638244456839,-3.2625213227388787,-4.519576714718497,-4.272959809809845,-4.124661483670762,0.566149706574407,23
2.4454305171966553,0.9612744279889613,0.01610560417175293,0.0009631050802224701,0.6,0.5,0.0,500,3,8,0.05,0.9,"{'subsample': 0.6, 'reg_lambda': 0.5, 'reg_alpha': 0, 'n_estimators': 500, 'min_child_weight': 3, 'max_depth': 8, 'learning_rate': 0.05, 'colsample_bytree': 0.9}",-4.9024762651509945,-3.902025503507437,-3.399433650683016,-4.699329212911629,-4.436426173893215,-4.267938161229258,0.5486924845725296,33
0.49732556343078616,0.0122139859082037,0.009346914291381837,0.0004982835001775325,0.6,1.0,0.1,300,1,4,0.1,0.9,"{'subsample': 0.6, 'reg_lambda': 1.0, 'reg_alpha': 0.1, 'n_estimators': 300, 'min_child_weight': 1, 'max_depth': 4, 'learning_rate': 0.1, 'colsample_bytree': 0.9}",-5.465294895454269,-3.6759824724566603,-3.113957069341415,-4.326313930206034,-4.297635489482992,-4.1758367713882745,0.78455380676595,29
3.557781934738159,0.5565349891041961,0.013271522521972657,0.0010417828778425606,1.0,0.5,0.01,300,3,12,0.1,0.9,"{'subsample': 1.0, 'reg_lambda': 0.5, 'reg_alpha': 0.01, 'n_estimators': 300, 'min_child_weight': 3, 'max_depth': 12, 'learning_rate': 0.1, 'colsample_bytree': 0.9}",-4.895393529836932,-3.959157227338514,-3.3558516044406166,-4.883342413243866,-4.590488570548414,-4.336846669081669,0.5966518313859394,38
1.1891290187835692,0.052235304271503954,0.011323022842407226,0.0003750522163295585,0.7,0.5,0.0,300,3,8,0.03,0.6,"{'subsample': 0.7, 'reg_lambda': 0.5, 'reg_alpha': 0, 'n_estimators': 300, 'min_child_weight': 3, 'max_depth': 8, 'learning_rate': 0.03, 'colsample_bytree': 0.6}",-4.944337219541686,-3.6421966044987935,-3.247266173991112,-4.3763627818493,-4.213863314886882,-4.084805218953554,0.5895474708738632,20
0.9457915306091309,0.9818629387549995,0.011665773391723634,0.0015310077331942794,1.0,0.5,0.1,300,3,4,0.1,1.0,"{'subsample': 1.0, 'reg_lambda': 0.5, 'reg_alpha': 0.1, 'n_estimators': 300, 'min_child_weight': 3, 'max_depth': 4, 'learning_rate': 0.1, 'colsample_bytree': 1.0}",-5.32069721884903,-3.6188119575676994,-3.2435727475888285,-4.315008556288484,-4.335905927787657,-4.16679928161634,0.7119944995403338,27
2.1197899341583253,0.2719486176677246,0.011348485946655273,0.00042587442194454183,0.8,1.0,0.01,200,5,12,0.2,0.8,"{'subsample': 0.8, 'reg_lambda': 1.0, 'reg_alpha': 0.01, 'n_estimators': 200, 'min_child_weight': 5, 'max_depth': 12, 'learning_rate': 0.2, 'colsample_bytree': 0.8}",-5.257349817783489,-3.9030844134465967,-3.4752451171765246,-4.945385442385619,-4.623438293277999,-4.440900616814046,0.6597197970213188,44
3.289126396179199,0.3281412336236239,0.015497159957885743,0.0009291135184900438,0.6,0.5,0.1,500,3,10,0.1,1.0,"{'subsample': 0.6, 'reg_lambda': 0.5, 'reg_alpha': 0.1, 'n_estimators': 500, 'min_child_weight': 3, 'max_depth': 10, 'learning_rate': 0.1, 'colsample_bytree': 1.0}",-5.272999267597283,-4.3420824442703685,-3.5464599783797337,-5.006075249926117,-4.7463827249642145,-4.582799933027543,0.6023689660244593,46
2.5336246490478516,1.0508414938510433,0.011625289916992188,0.0008549075229521066,0.9,2.0,0.01,200,7,12,0.05,0.7,"{'subsample': 0.9, 'reg_lambda': 2.0, 'reg_alpha': 0.01, 'n_estimators': 200, 'min_child_weight': 7, 'max_depth': 12, 'learning_rate': 0.05, 'colsample_bytree': 0.7}",-4.797316302772588,-3.6383335560993877,-3.1942113181264515,-4.519514012058285,-4.394061513224562,-4.108687340456255,0.5969800496161715,22
2.718375730514526,0.4578260717627565,0.01399059295654297,0.001823929277853788,0.8,1.0,0.01,300,7,12,0.2,0.9,"{'subsample': 0.8, 'reg_lambda': 1.0, 'reg_alpha': 0.01, 'n_estimators': 300, 'min_child_weight': 7, 'max_depth': 12, 'learning_rate': 0.2, 'colsample_bytree': 0.9}",-5.156388463590753,-4.378137234155269,-3.596320673586209,-5.02008062787595,-4.844068566350536,-4.598999113111743,0.5660734209764379,47
0.47102885246276854,0.00824830235652116,0.009593629837036132,0.0006106299383904007,0.9,1.0,0.0,300,5,4,0.05,0.7,"{'subsample': 0.9, 'reg_lambda': 1.0, 'reg_alpha': 0, 'n_estimators': 300, 'min_child_weight': 5, 'max_depth': 4, 'learning_rate': 0.05, 'colsample_bytree': 0.7}",-4.919146867959691,-3.293254944664007,-3.0735795803307293,-4.2064932201498015,-4.136930803824149,-3.9258810833856757,0.6688042700380328,11
0.7715855121612549,0.03324072148609754,0.009940910339355468,0.0006347025784947503,0.9,2.0,0.0,200,3,8,0.1,1.0,"{'subsample': 0.9, 'reg_lambda': 2.0, 'reg_alpha': 0, 'n_estimators': 200, 'min_child_weight': 3, 'max_depth': 8, 'learning_rate': 0.1, 'colsample_bytree': 1.0}",-4.70216646346443,-3.9521293129033372,-3.3348441774062456,-4.763227963794329,-4.449860500472571,-4.240445683608183,0.5354591252750603,31
0.3255308628082275,0.006084982216118304,0.008712339401245116,0.0019459538434351924,0.7,2.0,0.01,200,5,4,0.01,0.7,"{'subsample': 0.7, 'reg_lambda': 2.0, 'reg_alpha': 0.01, 'n_estimators': 200, 'min_child_weight': 5, 'max_depth': 4, 'learning_rate': 0.01, 'colsample_bytree': 0.7}",-4.037012041752442,-3.048872195856302,-2.9497022242954243,-4.305419140270782,-4.246814605181325,-3.717564041471255,0.5940517411680869,1
2.101164436340332,0.9591754806243538,0.011814212799072266,0.001111136179722918,0.8,0.5,0.0,200,7,10,0.01,0.6,"{'subsample': 0.8, 'reg_lambda': 0.5, 'reg_alpha': 0, 'n_estimators': 200, 'min_child_weight': 7, 'max_depth': 10, 'learning_rate': 0.01, 'colsample_bytree': 0.6}",-4.630475767624342,-3.211395750017137,-3.0693823216048766,-4.443519430602064,-4.278043907857266,-3.926563435541137,0.653069502429042,12
1.235843801498413,0.025375982360916913,0.011841535568237305,0.0007525122033403099,0.6,1.0,0.01,300,1,8,0.03,0.9,"{'subsample': 0.6, 'reg_lambda': 1.0, 'reg_alpha': 0.01, 'n_estimators': 300, 'min_child_weight': 1, 'max_depth': 8, 'learning_rate': 0.03, 'colsample_bytree': 0.9}",-4.648079297376177,-3.5310466456812657,-3.1883843874535485,-4.451278632439372,-4.234582579515595,-4.010674308493192,0.557988461017438,17
0.25829806327819826,0.007019971960011658,0.00833578109741211,0.0023957278032700397,0.6,2.0,0.01,100,3,6,0.1,0.9,"{'subsample': 0.6, 'reg_lambda': 2.0, 'reg_alpha': 0.01, 'n_estimators': 100, 'min_child_weight': 3, 'max_depth': 6, 'learning_rate': 0.1, 'colsample_bytree': 0.9}",-4.532166958204414,-3.535443943785571,-3.0775003683067927,-4.343154055976978,-4.234276329606399,-3.9445083311760305,0.5490470015303056,14
0.7429958820343018,0.036161817811152484,0.008554983139038085,0.00015504603455142953,1.0,1.0,0.0,200,5,8,0.1,1.0,"{'subsample': 1.0, 'reg_lambda': 1.0, 'reg_alpha': 0, 'n_estimators': 200, 'min_child_weight': 5, 'max_depth': 8, 'learning_rate': 0.1, 'colsample_bytree': 1.0}",-4.945512294418368,-4.472659989505976,-3.3210096355341876,-4.706520642392739,-4.450739764262151,-4.379288465222684,0.5588323422230935,41
3.046320581436157,0.5116811313275391,0.012831735610961913,0.0006771765325777977,0.9,2.0,0.1,300,5,12,0.2,0.7,"{'subsample': 0.9, 'reg_lambda': 2.0, 'reg_alpha': 0.1, 'n_estimators': 300, 'min_child_weight': 5, 'max_depth': 12, 'learning_rate': 0.2, 'colsample_bytree': 0.7}",-5.428152388461523,-4.207388266074292,-3.449207860137979,-4.986036364666383,-4.7245081720733095,-4.5590586102826975,0.681241260361825,45
2.3681644439697265,0.9233284747483013,0.01340947151184082,0.0013565844566574856,0.6,2.0,0.01,300,5,10,0.1,0.9,"{'subsample': 0.6, 'reg_lambda': 2.0, 'reg_alpha': 0.01, 'n_estimators': 300, 'min_child_weight': 5, 'max_depth': 10, 'learning_rate': 0.1, 'colsample_bytree': 0.9}",-5.156915820557169,-4.015173037726608,-3.4024764686055002,-4.882113437495216,-4.517498839172438,-4.3948355207113865,0.626445932316072,43
1.6948174476623534,0.23883074822779438,0.009598779678344726,0.0006597575578669618,0.7,1.0,0.0,100,1,12,0.01,0.9,"{'subsample': 0.7, 'reg_lambda': 1.0, 'reg_alpha': 0, 'n_estimators': 100, 'min_child_weight': 1, 'max_depth': 12, 'learning_rate': 0.01, 'colsample_bytree': 0.9}",-4.9416057301618395,-3.4742139522358397,-3.3794707860498603,-5.2007034159905166,-4.7522668875458525,-4.349652154396781,0.7673903625092395,39
0.4052344799041748,0.01867359442410317,0.0069730281829833984,0.00021604512368637743,0.9,1.0,0.01,100,7,8,0.1,0.9,"{'subsample': 0.9, 'reg_lambda': 1.0, 'reg_alpha': 0.01, 'n_estimators': 100, 'min_child_weight': 7, 'max_depth': 8, 'learning_rate': 0.1, 'colsample_bytree': 0.9}",-4.6249109986755155,-3.7750847125397042,-3.2272595142085163,-4.454252063817886,-4.30108588130005,-4.076518634108334,0.5110676353971648,19
1.2193506717681886,0.12956388738927185,0.010999679565429688,0.0008779917147197894,0.7,1.0,0.0,200,7,10,0.1,0.7,"{'subsample': 0.7, 'reg_lambda': 1.0, 'reg_alpha': 0, 'n_estimators': 200, 'min_child_weight': 7, 'max_depth': 10, 'learning_rate': 0.1, 'colsample_bytree': 0.7}",-5.18209965745209,-3.855940228244332,-3.303829464494318,-4.605047921605861,-4.4152732046878995,-4.2724380952969,0.6434576094225988,35
0.33463315963745116,0.0058010915007967396,0.008246278762817383,0.00026195749646021034,1.0,1.0,0.0,200,7,4,0.1,0.6,"{'subsample': 1.0, 'reg_lambda': 1.0, 'reg_alpha': 0, 'n_estimators': 200, 'min_child_weight': 7, 'max_depth': 4, 'learning_rate': 0.1, 'colsample_bytree': 0.6}",-5.0174462163815265,-3.3625030493343977,-3.1771313258293556,-4.26689140584729,-4.211806803442905,-4.007155760167095,0.6685131472529735,16
0.8047667026519776,0.014981155404784187,0.013419294357299804,0.0006217703053508711,0.8,0.5,0.01,500,7,4,0.2,0.9,"{'subsample': 0.8, 'reg_lambda': 0.5, 'reg_alpha': 0.01, 'n_estimators': 500, 'min_child_weight': 7, 'max_depth': 4, 'learning_rate': 0.2, 'colsample_bytree': 0.9}",-6.465504607509607,-4.219821356895562,-3.6495264442079485,-4.757372514279229,-4.493469339614358,-4.717138852501341,0.9482141696471745,48
0.8877339839935303,0.7885701656488734,0.012184047698974609,0.002224153086525624,0.6,1.0,0.01,300,3,4,0.03,0.6,"{'subsample': 0.6, 'reg_lambda': 1.0, 'reg_alpha': 0.01, 'n_estimators': 300, 'min_child_weight': 3, 'max_depth': 4, 'learning_rate': 0.03, 'colsample_bytree': 0.6}",-4.729638512727059,-3.1330252035941584,-3.0024071918655038,-4.1492201648120774,-4.158895963022512,-3.834637407204262,0.6618156415301657,6
0.4445324420928955,0.0229655609004033,0.007082414627075195,0.0002202510472421726,0.7,2.0,0.01,100,7,8,0.03,0.8,"{'subsample': 0.7, 'reg_lambda': 2.0, 'reg_alpha': 0.01, 'n_estimators': 100, 'min_child_weight': 7, 'max_depth': 8, 'learning_rate': 0.03, 'colsample_bytree': 0.8}",-4.253129924697044,-3.162023391929948,-3.0112418900961138,-4.274314438441123,-4.216928192695462,-3.783527567571938,0.5713014679251585,3
0.7607925415039063,0.011080733797963599,0.012517356872558593,0.0025475498265580417,0.9,2.0,0.01,300,1,6,0.05,1.0,"{'subsample': 0.9, 'reg_lambda': 2.0, 'reg_alpha': 0.01, 'n_estimators': 300, 'min_child_weight': 1, 'max_depth': 6, 'learning_rate': 0.05, 'colsample_bytree': 1.0}",-4.831472661525396,-3.6947805246785768,-3.2647629516281724,-4.487701550343612,-4.256613294598169,-4.107066196554785,0.5606186877417979,21
0.26004796028137206,0.007592482384633167,0.00682830810546875,0.00017427220676584802,0.9,2.0,0.0,100,3,6,0.2,1.0,"{'subsample': 0.9, 'reg_lambda': 2.0, 'reg_alpha': 0, 'n_estimators': 100, 'min_child_weight': 3, 'max_depth': 6, 'learning_rate': 0.2, 'colsample_bytree': 1.0}",-5.019475037158576,-3.8937364463010002,-3.2861912903960837,-4.690525348991679,-4.331625685438894,-4.244310761657246,0.6080306373326602,32
1.1896527767181397,0.19318280458605266,0.009539413452148437,0.00041709991527894236,0.8,1.0,0.0,100,7,12,0.05,0.6,"{'subsample': 0.8, 'reg_lambda': 1.0, 'reg_alpha': 0, 'n_estimators': 100, 'min_child_weight': 7, 'max_depth': 12, 'learning_rate': 0.05, 'colsample_bytree': 0.6}",-5.010169779238892,-3.475853308021502,-3.181454081288752,-4.386610892677724,-4.282245548184274,-4.067266721882229,0.6590442520925887,18
2.0735909938812256,0.07970243721665386,0.016835594177246095,0.0011395338000252816,0.8,0.5,0.01,500,1,8,0.05,0.6,"{'subsample': 0.8, 'reg_lambda': 0.5, 'reg_alpha': 0.01, 'n_estimators': 500, 'min_child_weight': 1, 'max_depth': 8, 'learning_rate': 0.05, 'colsample_bytree': 0.6}",-5.412975273567667,-3.887213352466402,-3.408769206842216,-4.658814259334569,-4.412393298836593,-4.35603307820949,0.6825072160328762,40
2.4812478542327883,0.8115896915367456,0.016415166854858398,0.000479815773931588,1.0,0.5,0.1,500,5,8,0.01,1.0,"{'subsample': 1.0, 'reg_lambda': 0.5, 'reg_alpha': 0.1, 'n_estimators': 500, 'min_child_weight': 5, 'max_depth': 8, 'learning_rate': 0.01, 'colsample_bytree': 1.0}",-4.4294838197998265,-3.7102956493803587,-3.143721139327931,-4.361919080820314,-4.273645482282108,-3.9838130343221083,0.4911528542556983,15
5.140380620956421,0.8065847709143718,0.01835031509399414,0.0009678707672537909,0.7,2.0,0.01,500,5,12,0.03,0.8,"{'subsample': 0.7, 'reg_lambda': 2.0, 'reg_alpha': 0.01, 'n_estimators': 500, 'min_child_weight': 5, 'max_depth': 12, 'learning_rate': 0.03, 'colsample_bytree': 0.8}",-4.826734894928831,-3.6921776595975078,-3.2551310301173717,-4.603516321498765,-4.370358254971666,-4.1495836322228286,0.5869575511455742,25
0.5049933910369873,0.010921547269836384,0.009120368957519531,0.00016506175397575123,0.8,1.0,0.0,200,3,6,0.03,1.0,"{'subsample': 0.8, 'reg_lambda': 1.0, 'reg_alpha': 0, 'n_estimators': 200, 'min_child_weight': 3, 'max_depth': 6, 'learning_rate': 0.03, 'colsample_bytree': 1.0}",-4.502609183788493,-3.331814939527379,-3.0408576064262167,-4.263834773980268,-4.209957950356261,-3.8698148908157237,0.5741065603927886,10
4.3718348979949955,0.5868238225779736,0.017924928665161134,0.0011595349937512883,0.8,0.5,0.0,500,1,10,0.03,0.7,"{'subsample': 0.8, 'reg_lambda': 0.5, 'reg_alpha': 0, 'n_estimators': 500, 'min_child_weight': 1, 'max_depth': 10, 'learning_rate': 0.03, 'colsample_bytree': 0.7}",-4.761465112269282,-3.8182047617404256,-3.256817226459714,-4.633873245766373,-4.37358769394631,-4.1687896080364215,0.5593054011191441,28
3.570663022994995,1.1984917459172086,0.014254474639892578,0.0005094840382230266,0.9,0.5,0.01,300,5,12,0.1,0.9,"{'subsample': 0.9, 'reg_lambda': 0.5, 'reg_alpha': 0.01, 'n_estimators': 300, 'min_child_weight': 5, 'max_depth': 12, 'learning_rate': 0.1, 'colsample_bytree': 0.9}",-4.970270532615168,-3.9526117681193753,-3.380670910329513,-4.835205425403757,-4.533058415870264,-4.334363410467615,0.5916018928892095,37
